Actual Petrol,Predicted Petrol,Actual Diesel,Predicted Diesel
1.069,277.52274,0.973,254.13042
1.677,278.4515,1.271,255.98117
2.176,286.03778,1.861,265.87247
1.598,281.51306,1.433,260.01712
1.936,282.12967,1.715,260.70535
1.511,281.6691,1.563,259.88
2.059,283.47263,1.91,262.86642
1.913,285.43524,1.689,265.0005
2.002,281.7017,1.722,260.51575
1.77,281.66562,1.369,260.02863
2.611,288.34198,2.213,269.06866
1.636,281.33984,1.468,259.47665
1.258,278.70514,0.863,255.61565
1.893,282.60873,1.62,261.07706
2.317,286.00024,2.07,265.97742
2.266,286.21948,2.015,266.3254
2.692,287.9513,2.291,268.64642
1.824,282.18222,1.641,260.82245
2.497,288.2726,2.19,268.68835
1.383,279.06705,1.231,256.39505
1.649,281.11978,1.427,259.4134
2.29,287.2147,2.115,267.22632
1.368,278.5524,1.114,255.99059
2.043,283.1777,1.75,262.35367
2.609,288.341,2.142,269.11838
1.324,279.12,1.109,256.20786
1.645,280.01797,1.419,257.65207
1.696,281.86014,1.486,260.28207
2.047,285.94455,1.833,265.81516
2.17,285.71054,1.867,265.5678
1.641,280.8338,1.429,258.73737
1.772,280.50238,1.474,258.6874
1.485,280.05978,1.314,257.9087
1.959,282.7847,1.636,261.78555
1.873,282.99515,1.626,261.77042
2.018,284.50992,1.878,263.9225
2.34,287.8496,1.981,268.18207
1.962,282.4655,1.594,260.93536
2.394,285.97052,2.102,266.0956
2.564,287.1481,2.205,267.81937
2.108,285.3361,1.881,265.05734
2.754,289.67435,2.372,270.59018
1.688,281.52655,1.256,259.48828
1.851,282.4245,1.549,261.039
2.12,284.77103,1.805,264.22073
1.609,282.32224,1.507,260.6497
1.762,282.2647,1.484,260.74414
1.312,280.38208,1.171,258.09265
2.313,286.81644,1.951,266.93048
2.194,285.85507,2.009,265.69916
1.521,279.72604,1.307,257.49792
1.649,279.7421,1.614,257.65988
2.144,286.7976,2.031,266.819
1.657,283.3867,1.549,261.89758
2.28,286.59674,1.997,266.66446
1.875,283.75638,1.764,262.8044
2.262,286.0722,1.855,265.85272
2.419,287.01993,2.171,267.45947
1.883,281.80246,1.705,260.6111
2.573,289.17505,2.264,270.01486
1.905,283.82782,1.661,262.77118
1.99,284.0942,1.84,263.50735
1.825,282.88937,1.692,261.71597
2.373,287.72595,1.989,268.03992
1.772,281.1384,1.39,259.15933
2.27,286.9296,1.974,267.07837
2.703,289.45084,2.476,270.3881
1.737,284.4966,1.671,263.5861
1.408,278.30045,1.286,255.60843
2.043,285.72876,1.884,265.4982
1.871,282.076,1.792,261.00903
1.447,280.7901,1.237,258.66507
1.833,284.56747,1.61,263.53427
2.542,287.51834,2.332,268.21408
2.104,285.16843,2.043,264.96432
1.979,284.17667,1.663,263.3185
2.112,285.5497,1.786,265.17154
1.784,283.77594,1.55,262.87445
1.662,280.96866,1.355,258.8576
1.937,283.77698,1.677,262.76147
1.704,280.8507,1.374,259.0663
2.002,284.1241,1.917,263.2584
1.953,283.98932,1.889,263.34888
1.721,281.6631,1.653,260.42715
1.111,280.16547,1.189,257.56113
2.337,286.61978,1.951,266.48627
1.644,280.9907,1.345,258.99182
2.075,283.80902,1.739,263.2387
2.5,288.8702,2.076,269.46698
2.11,284.59772,1.809,264.30536
1.352,278.6337,1.126,255.82619
2.181,286.86453,1.834,266.50684
2.249,285.20764,1.835,264.86975
1.796,282.14957,1.45,260.41864
2.287,284.92056,2.077,264.4799
2.11,282.99725,1.814,262.18585
1.884,281.71002,1.531,260.32617
1.148,277.1174,0.911,253.87227
1.651,282.5971,1.491,261.01865
1.623,280.2769,1.439,258.1692
2.225,285.34305,1.814,265.11737
2.622,288.11435,2.306,269.00647
2.484,287.43845,2.178,268.0546
2.317,285.42355,2.053,265.31985
1.491,279.5786,1.26,257.23032
1.849,283.59738,1.669,262.59213
2.513,288.57303,2.22,269.36642
2.211,285.2893,2.11,265.40915
2.379,285.52542,1.931,265.46017
1.6,281.3412,1.397,259.44308
1.916,283.97946,1.671,262.80362
2.203,286.99118,1.923,267.0026
1.682,279.80594,1.424,257.87927
2.329,286.08243,1.896,266.1264
2.653,289.52972,2.361,270.37247
2.136,284.4346,1.838,264.00803
2.071,283.8423,1.84,262.9724
1.568,279.88037,1.204,257.47943
2.214,285.54,2.042,265.43924
1.345,278.11975,1.217,255.26921
1.996,283.74396,1.795,262.80838
2.427,287.23422,2.248,267.89725
2.095,284.6269,1.9,264.37753
1.759,283.40256,1.702,262.01593
1.397,279.86807,1.288,257.6608
2.177,284.06122,1.86,263.46378
1.267,278.09036,1.131,255.2385
2.455,285.31772,1.987,265.39514
2.262,284.8921,1.986,264.77542
1.885,283.70453,1.861,263.21118
2.055,284.78903,1.675,264.05524
1.922,283.24326,1.742,262.5449
1.679,279.52768,1.423,257.2393
1.936,284.1645,1.748,263.37643
1.985,283.75812,1.747,262.74423
2.185,285.0696,1.805,264.5723
2.658,289.31265,2.337,270.14154
1.649,279.7113,1.454,257.3372
1.533,282.6149,1.504,261.01242
1.605,281.77234,1.475,260.1105
1.658,281.0727,1.28,259.21442
1.992,284.42023,1.863,263.80966
2.33,287.2653,1.982,267.04776
2.337,285.1659,2.045,265.21548
1.688,281.1527,1.556,259.44418
1.547,279.5629,1.294,257.3487
2.309,287.1587,2.214,267.5117
1.623,281.9835,1.467,260.13678
2.037,284.22165,1.852,263.6189
1.865,283.87546,1.748,262.89325
2.777,288.69934,2.375,269.7113
1.784,281.50494,1.548,259.80896
1.102,278.64963,0.768,255.54893
1.836,282.3347,1.675,261.36203
1.684,281.04446,1.626,259.33295
2.371,287.23193,2.131,267.61404
2.414,286.45657,2.051,266.62808
1.784,280.5562,1.613,258.84457
2.222,286.20874,1.91,266.10153
1.433,279.10464,1.272,256.5806
1.787,282.3445,1.849,261.03458
1.922,283.4079,1.89,262.47964
1.655,279.90298,1.313,257.6096
1.576,281.59613,1.439,259.82416
2.002,284.67575,1.832,264.39038
1.91,284.34067,1.865,263.37988
1.778,282.04532,1.628,260.64246
2.203,286.93588,2.043,267.00998
2.53,288.69308,2.182,269.38647
2.389,287.4286,1.939,267.84207
2.113,285.2267,1.814,264.89188
1.485,281.65674,1.312,259.59396
1.678,280.12833,1.402,258.04636
2.285,285.85318,2.103,265.991
1.54,280.60614,1.369,258.4442
2.118,284.74387,1.788,264.1165
2.114,285.2116,1.965,265.15564
2.432,287.26288,2.11,267.34177
1.765,281.9733,1.62,260.45688
1.87,283.0059,1.529,261.80353
1.33,280.64438,1.343,258.57037
1.937,283.9618,1.654,262.95004
1.81,283.40674,1.641,262.16504
2.211,283.83008,1.982,263.15753
1.791,282.1436,1.588,260.883
1.102,276.95258,1.064,253.82346
2.397,287.32843,2.223,267.6748
1.638,282.28244,1.692,260.91486
2.054,283.05264,1.694,262.18018
1.787,284.476,1.703,263.57687
1.994,283.31204,1.598,262.35553
1.74,280.9741,1.504,259.0281
1.537,280.72385,1.219,258.58954
1.981,285.6345,1.687,265.10214
1.351,278.43576,1.232,255.85463
1.928,283.3052,1.672,262.44177
1.95,281.76315,1.487,260.486
2.412,287.38104,2.08,267.57315
1.554,280.1708,1.206,258.0101
1.315,280.21237,1.172,257.8217
1.74,283.02872,1.479,261.74228
1.459,280.1422,1.222,257.6396
2.025,284.12573,1.741,263.29654
2.23,287.26047,2.06,267.57236
1.913,285.01846,1.67,264.43414
1.98,284.14578,1.794,263.44427
1.485,280.8569,1.234,258.79056
2.158,285.2439,1.867,265.0916
2.217,286.94394,1.983,267.0912
2.344,286.71555,2.117,266.82205
1.662,281.17603,1.6,259.48618
1.447,281.46832,1.409,259.43808
1.268,278.3578,1.046,255.67838
1.871,284.7866,1.663,263.83432
1.618,281.995,1.319,260.00604
1.99,283.51907,1.778,262.41672
1.382,279.31924,1.318,256.78952
1.934,281.26724,1.646,259.87708
1.056,277.51248,1.044,254.22514
2.085,285.62076,1.828,265.21863
2.488,286.7459,2.229,267.18567
1.046,277.99625,1.042,254.87506
1.488,280.53784,1.287,258.39658
2.626,288.55273,2.231,269.14444
1.903,283.26624,1.618,262.31705
1.772,283.2483,1.376,261.5388
2.179,285.77835,2.052,265.7189
1.313,277.75998,1.025,254.88576
1.492,280.571,1.471,258.46176
1.542,280.54382,1.313,258.16367
1.597,281.0344,1.27,258.99197
1.385,280.39474,1.281,258.20258
1.07,277.62442,0.985,254.53917
2.51,286.70853,2.154,267.16037
1.67,281.00058,1.434,258.93423
2.577,289.14792,2.319,269.8921
1.933,282.11783,1.596,260.92056
1.365,280.7012,1.241,258.63745
2.097,284.1669,1.84,263.78104
1.987,282.79175,1.618,261.50668
1.904,283.06216,1.61,262.14185
2.464,287.40482,2.22,267.84943
2.029,283.61688,1.792,262.90097
2.127,285.56308,1.673,265.1146
1.783,283.30643,1.644,262.11795
2.083,284.7219,1.802,264.21417
1.913,285.51505,1.843,265.0342
1.365,281.0161,1.383,258.8539
2.492,287.24368,2.149,267.50806
1.84,281.99713,1.509,260.52106
1.909,285.2113,1.814,264.8245
1.265,279.3015,1.08,256.36176
2.393,285.2337,2.055,265.17218
1.994,283.38458,1.589,262.48822
1.994,284.61606,1.718,264.08127
1.63,280.83853,1.391,259.12598
2.088,284.32065,1.819,263.89557
2.031,283.4449,1.783,262.84122
2.489,285.95358,2.246,266.24118
1.785,281.0654,1.551,259.36954
1.848,281.44687,1.552,259.84265
1.753,282.90292,1.579,261.69455
1.461,280.38074,1.306,258.27753
1.683,282.36227,1.572,261.14383
1.716,282.03384,1.582,260.56805
1.774,282.7611,1.718,261.6769
2.013,284.3922,1.772,263.95285
1.617,280.70764,1.331,258.63297
1.589,280.25577,1.422,257.96817
2.094,284.63104,1.915,264.09653
1.991,281.99997,1.609,260.79468
1.765,283.67178,1.719,262.61884
1.546,279.94717,1.249,257.70862
1.867,281.37814,1.661,259.64285
1.749,281.71567,1.496,260.18524
1.988,284.50092,1.655,263.7327
1.989,285.13004,1.936,264.71103
2.526,288.00485,2.278,268.8935
2.022,285.12878,1.933,264.71487
2.057,284.54968,1.775,263.95187
1.769,281.16315,1.495,259.47195
1.674,280.81754,1.613,259.1788
2.098,285.7431,1.856,265.67603
1.26,278.24014,0.964,255.30356
1.818,283.13785,1.446,261.76627
1.609,281.58698,1.469,260.04153
1.485,280.21304,1.277,258.00308
2.129,287.07788,1.941,267.25995
2.322,287.7306,2.239,268.16293
2.652,288.6528,2.171,269.35828
2.116,285.5531,1.929,265.1067
2.672,287.944,2.354,268.80487
2.22,285.34497,2.062,265.29114
1.488,281.48746,1.479,259.85287
1.532,281.6132,1.504,259.70096
1.389,279.5732,1.109,256.96262
1.887,283.1882,1.811,262.40845
2.407,286.7962,1.98,267.07834
1.688,281.0127,1.578,259.03653
1.165,279.35037,1.042,256.62698
2.216,286.46158,1.96,266.61746
1.682,281.895,1.43,260.09674
1.78,282.57254,1.48,261.04044
2.006,284.55814,1.698,263.34616
2.249,287.21194,2.239,267.57797
1.896,286.5854,1.887,266.45615
1.286,279.1397,1.241,256.5848
2.286,286.97043,1.931,267.15833
1.677,282.49002,1.629,261.3132
2.241,286.24124,2.091,266.33588
1.779,281.08774,1.447,259.4307
2.026,284.23953,1.758,263.56735
1.633,283.1876,1.559,261.7521
1.701,282.25668,1.505,260.9686
1.818,283.8174,1.679,262.71823
1.756,281.06143,1.449,259.32278
1.74,281.7398,1.633,260.1077
2.17,284.27774,1.914,263.78802
2.252,285.09573,2.093,264.88977
1.275,279.60898,1.098,256.89288
2.591,288.62595,2.145,269.31488
1.913,284.9211,1.698,264.27216
1.493,279.14706,1.324,256.67142
2.662,288.19327,2.289,269.01663
2.102,283.95917,1.763,263.21484
1.537,281.60248,1.54,259.94226
1.671,281.2653,1.343,259.45276
1.696,281.64682,1.704,260.1842
1.573,280.4019,1.413,258.4073
1.808,281.83298,1.651,260.07083
1.875,282.68964,1.582,261.45337
1.922,283.80188,1.711,262.51135
1.604,280.56772,1.55,258.56155
1.628,282.28073,1.523,260.80145
2.534,287.55884,2.149,268.09335
2.062,284.98688,1.765,264.1463
1.458,278.8007,1.317,256.33206
2.404,286.6915,2.194,267.11218
2.252,285.63705,1.946,265.55972
1.399,279.66806,1.329,257.2633
1.038,277.02817,1.091,253.76353
1.866,284.2724,1.788,263.6242
1.403,280.2228,1.269,258.08237
1.588,280.01587,1.437,258.03613
1.863,282.50772,1.547,261.4194
2.251,286.1616,2.015,266.22244
2.297,285.52734,2.015,265.48898
2.104,284.27698,1.783,263.66446
1.762,281.85684,1.506,260.30664
1.389,280.8408,1.357,258.7603
1.486,280.53958,1.423,258.26324
1.516,280.0008,1.395,257.74817
2.483,288.47867,2.168,269.2705
2.365,286.71475,1.976,267.06332
1.823,280.44424,1.465,258.2235
1.987,283.69434,1.731,262.84903
1.98,284.80847,1.62,263.9157
1.635,280.46408,1.343,258.38437
1.69,281.02563,1.562,259.33887
2.144,286.17386,1.997,265.9289
1.72,282.48868,1.601,260.9208
2.426,286.57642,2.033,266.61545
2.317,287.2673,1.981,267.50006
1.711,280.26407,1.443,258.29205
1.83,282.51236,1.631,261.1264
1.767,282.17636,1.607,260.8601
1.891,284.78635,1.786,263.8845
2.38,285.8583,2.037,266.1299
1.536,278.04373,1.056,255.2217
1.991,282.95786,1.776,262.1318
1.764,280.45297,1.414,258.45175
1.269,278.16962,1.087,255.2741
2.025,282.7997,1.783,261.73615
1.692,280.89075,1.446,259.09467
2.406,286.07886,2.105,266.43103
1.814,283.9452,1.736,263.0919
1.855,282.7226,1.535,261.24374
1.608,280.55072,1.313,258.5499
1.841,282.54208,1.439,260.8059
2.617,289.38727,2.241,270.21603
1.549,281.67007,1.284,259.85706
2.582,287.2156,2.271,267.83493
1.915,283.93362,1.618,262.74402
1.837,281.12784,1.572,259.454
2.376,286.6296,1.947,266.76804
2.289,284.89297,1.979,264.76974
2.041,285.67252,1.867,265.18164
1.368,279.06668,1.197,256.62408
1.772,282.56815,1.669,261.29495
2.398,287.85217,2.171,268.3211
1.725,280.62057,1.384,258.5048
1.806,283.84866,1.494,262.3447
1.659,280.8779,1.329,258.74072
1.789,281.6023,1.649,260.16937
1.685,282.69028,1.736,261.57153
1.949,284.60916,1.753,264.0773
2.113,286.41208,1.985,266.32388
1.25,279.7329,1.337,257.59528
1.329,278.17523,1.093,255.34378
1.604,280.6041,1.562,258.6498
2.39,286.83786,2.081,267.1558
2.628,287.38287,2.248,268.0667
2.106,285.4284,1.734,264.8671
1.08,278.14944,0.922,254.83987
2.658,287.51575,2.234,268.11578
1.646,281.50327,1.471,259.64822
1.362,281.6803,1.484,259.88123
1.54,280.12943,1.271,257.89062
2.552,289.24295,2.396,270.0829
2.288,284.6738,1.806,264.15134
2.505,287.41327,2.342,268.033
1.133,277.91675,1.111,254.80893
1.825,282.76608,1.649,261.58566
2.499,286.84344,2.101,267.1173
2.542,286.47134,2.081,266.7502
2.443,286.1242,2.185,266.23563
1.948,283.44424,1.797,262.61847
1.635,280.00406,1.369,257.96207
1.604,281.32065,1.284,259.5948
1.314,278.33337,1.293,255.48003
1.808,283.83047,1.655,262.66425
1.465,281.3233,1.089,259.15234
1.883,282.7787,1.67,261.685
1.911,282.9889,1.692,261.96436
1.532,280.01028,1.372,257.74487
1.736,280.73645,1.54,258.89886
1.738,281.97955,1.437,260.58017
1.662,281.07977,1.391,259.2142
1.248,278.67474,1.157,255.96246
1.659,281.94257,1.567,260.25662
2.017,286.30154,1.918,266.24326
1.852,284.35242,1.75,263.65366
2.591,288.31357,2.195,269.23077
1.505,280.2053,1.316,258.0944
2.282,285.27,1.98,265.01572
2.452,287.33072,2.229,267.743
1.881,283.24603,1.477,261.9509
1.673,282.59738,1.439,260.97104
2.152,284.52148,1.792,264.20892
1.945,285.31882,1.717,264.6708
1.749,281.41223,1.353,259.5693
1.564,279.56284,1.279,257.41904
1.395,279.93216,1.355,257.71066
1.355,278.71878,1.2,255.98122
1.727,282.49857,1.594,260.92618
2.025,284.3087,1.814,263.76175
2.12,286.15723,2.001,266.03867
1.84,283.35828,1.735,262.2876
2.113,285.03473,1.775,264.70123
2.135,283.71127,1.857,262.95078
1.636,282.3818,1.508,260.79865
1.647,280.9233,1.595,258.8943
1.264,277.7836,1.141,254.95045
2.257,284.66113,1.766,264.1506
1.668,281.19318,1.554,259.70615
2.746,288.14185,2.431,269.00226
1.693,279.96957,1.482,258.055
